Group,Strain,Cage,ID,Genotype,Treatment,Strains,GrAvgDur,GrNumBouts,RotAvgPt,RotAvgLat,RotT1,RotT2,RotT3,RotT4,RotT5,RotT6,OFCenter,OFDist
1,16P,NA,1,Mut,Oxt,P,0,0,5.5,64.1666666667,10,66,27,95,78,109,0,469.7
1,16P,NA,2,Mut,Oxt,P,4.69,8,5,67.8333333333,31,51,76,85,78,86,12.3,1346.4
1,16P,NA,3,Mut,Pl,P,5.45,11,6.5,55,27,47,53,31,79,93,0,539.1
1,16P,NA,5,Mut,Pl,P,4.14,7,4,38.6666666667,3,34,45,25,60,65,80.5,1918.1
1,16P,NA,8,Mut,Oxt,P,6.25,4,4,43.3333333333,28,26,28,55,57,66,6.9,865.7
1,16P,NA,50,Mut,Pl,P,10,1,5,27.8333333333,6,19,28,12,49,53,4.3,926.7
1,16P,NA,80,Mut,Pl,P,5.5714285714,7,12,27,12,54,28,4,29,35,1,784.6
1,FMR1,NA,1,Mut,Oxt,F,9.05,10,3.5,45.6666666667,34,63,55,34,39,49,59.2,2056.6
1,FMR1,NA,2,Mut,Pl,F,0,0,1.5,72.3333333333,16,53,62,93,92,118,78.6,2129.6
1,FMR1,NA,3,Mut,Oxt,F,7,4,4.5,17,12,13,19,19,20,19,76.9,2071.1
1,FMR1,NA,4,Mut,Pl,F,9.9,5,1,53.1666666667,25,27,79,84,45,59,0,0
1,FMR1,NA,5,Mut,Oxt,F,8,10,3,44.5,31,28,31,21,51,105,41.5,2061.5
1,FMR1,NA,6,Mut,Pl,F,8,1,3.5,28.8333333333,23,21,20,7,21,81,44.8,1954.8
1,FMR1,NA,7,Mut,Oxt,F,5.33,3,3,20.5,17,16,23,21,22,24,64.9,2342.5
2,16P,NA,37,Wt,Oxt,P,3.22,9,5,21,11,9,13,20,21,52,23.3,593.8
2,16P,NA,39,Wt,Pl,P,5,6,2,26.3333333333,22,13,20,26,47,30,5,796
2,16P,NA,47,Wt,Oxt,P,8.8,5,1.5,34.5,16,15,37,56,29,54,0.9,524.2
2,16P,NA,49,Mut,Pl,P,1,2,6,10.8333333333,7,3,18,9,14,14,68.6,1790
3,16P,NA,46,Wt,Pl,P,2.8,15,2,98.3333333333,64,47,23,143,141,172,NA,NA
3,16P,NA,54,Mut,Oxt,P,6.47,15,3.5,22.8333333333,2,2,22,27,34,50,11.2,700.6
3,16P,NA,55,Wt,Oxt,P,4.17,6,3.5,53.1666666667,44,28,51,59,61,76,7.3,750.6
3,16P,NA,56,Mut,Pl,P,2,2,5,61.6666666667,13,25,65,80,112,75,8.1,1245.3
4,16P,NA,135,Mut,Pl,P,5,2,4.5,21.8333333333,5,12,15,32,34,33,0,118.2
4,16P,NA,136,Wt,Oxt,P,7.5,4,2,66.3333333333,9,53,56,85,90,105,4.7,382.9
4,16P,NA,111,Wt,Pl,P,12.5714285714,7,1.5,69.1666666667,18,71,73,88,81,84,27,647.2
4,16P,NA,99,Mut,Oxt,P,4.875,4,6.5,29.3333333333,4,6,22,54,45,45,21.2,558.8
4,16P,NA,130,Mut,Oxt,P,5.8571428571,7,3.5,27.1666666667,24,17,19,26,38,39,6.8,481.2
4,16P,NA,132,Wt,Oxt,P,3.3333333333,6,6.5,31.5,25,27,39,26,31,41,0.9,736.8
4,16P,NA,133,Wt,Pl,P,9.8333333333,3,7.5,30,9,27,10,10,55,69,6.8,558.2
4,16P,NA,134,Mut,Pl,P,12.5,2,3,41.1666666667,15,28,40,47,72,45,4.4,449.7
4,16P,NA,95,Mut,Oxt,P,7.1,5,10,9.6666666667,17,5,11,9,12,4,7.1,705.5
4,16P,NA,96,Wt,Oxt,P,4.9545454545,11,3,18.1666666667,6,15,24,14,22,28,6,525.2
4,16P,NA,97,Wt,Pl,P,11,2,7.5,78,54,25,73,100,96,120,13.7,713
4,16P,NA,98,Mut,Pl,P,5,4,2.5,39.1666666667,16,13,37,42,62,65,2.2,838.1
4,16P,NA,122,Mut,Oxt,P,9,6,8,42.6666666667,15,48,78,13,36,66,18,1661
4,16P,NA,123,Wt,Pl,P,10,2,4,41.5,4,35,31,28,53,98,5.6,1587.9
6,16P,NA,68,Wt,Oxt,P,2.7692307692,13,2.5,66,76,80,40,26,93,81,1.6,971.2
6,16P,NA,69,Wt,Pl,P,2.2333333333,15,1,44,35,48,52,30,38,61,33.8,1363.2
6,16P,NA,70,Mut,Pl,P,4,4,2.5,47.8333333333,49,50,45,42,47,54,30.4,1226.4
6,16P,NA,76,Mut,Oxt,P,4.78125,16,11,11.8333333333,9,5,4,17,4,32,23.1,1537.1
6,16P,NA,77,Mut,Pl,P,17,1,3,29,19,21,23,39,37,35,24,1246
6,16P,NA,79,Wt,Oxt,P,3.7567567568,37,5.5,26.1666666667,3,4,16,45,3,86,25,1473.3
6,16P,NA,80,Mut,Oxt,P,5.5714285714,7,3.5,40.8333333333,38,40,63,37,21,46,1,784.6
6,16P,NA,81,Wt,Pl,P,3.2083333333,12,3.5,55,17,61,53,72,73,54,43.7,1250.4
6,16P,NA,83,Mut,Pl,P,8.1428571429,7,1,70.8333333333,3,36,45,80,123,138,2,187.1
6,16P,NA,84,Wt,Pl,P,3,2,2.5,125.1666666667,60,74,38,139,204,236,11.7,1073.4
6,16P,NA,85,Wt,Oxt,P,8,1,1.5,22.5,11,15,8,26,41,34,4.3,693
6,16P,NA,90,Mut,Oxt,P,5.75,2,3.5,40.1666666667,24,13,31,37,61,75,0.1,323.4
6,16P,NA,91,Wt,Oxt,P,0,0,1.5,70.1666666667,32,9,53,78,111,138,1.6,887
6,16P,NA,92,Mut,Pl,P,0,0,1,90.3333333333,10,69,64,119,114,166,1.1,37.4
7,16P,NA,140,Wt,Oxt,P,6,2,6,22.6666666667,11,3,4,35,23,60,1.8,778.2
7,16P,NA,141,Wt,Pl,P,0.1,8,5,41.5,22,37,40,35,72,43,16.6,652.8
7,16P,NA,148,Wt,Oxt,P,0.4,14,5.5,101.8333333333,63,72,102,103,140,131,56.1,1459.1
7,16P,NA,149,Wt,Pl,P,0.1,8,4,46.3333333333,6,19,4,44,89,116,15.2,1316.3
7,16P,NA,154,Wt,Oxt,P,0.1,6,2,49.3333333333,27,46,35,77,53,58,7.2,1084.4
7,16P,NA,155,Mut,Pl,P,10,1,3,18.5,4,2,3,18,41,43,15.3,1174.9
7,16P,NA,156,Mut,Oxt,P,6,1,1.5,41.6666666667,5,3,8,73,71,90,4.5,405.4
7,16P,NA,164,Mut,Oxt,P,0,0,12,38.6666666667,13,57,53,60,17,32,11.6,1895.6
7,16P,NA,169,Wt,Pl,P,0.2,21,3,52.5,37,26,54,74,84,40,33.1,1339.3
7,16P,NA,170,Mut,Oxt,P,0,37,1,47.5,27,20,46,56,63,73,14.1,1287.9
8,16P,NA,175,Wt,Oxt,P,0.1,10,5.5,45.3333333333,4,47,29,38,74,80,14.8,453.3
8,16P,NA,176,Mut,Pl,P,1.1,8,5,90.6666666667,44,74,96,95,129,106,6.9,333
8,16P,NA,177,Wt,Pl,P,1,2,4.5,35.5,17,36,30,48,36,46,7.7,503.1
8,16P,NA,180,Wt,Oxt,P,2.3,7,3.5,34.6666666667,26,23,37,35,37,50,0,402.3
8,16P,NA,184,Wt,Pl,P,0,18,8.5,19.5,10,13,7,9,36,42,39.3,947.8
8,16P,NA,185,Mut,Oxt,P,0,0,2.5,72.6666666667,73,64,72,61,79,87,24.4,1006.8
8,FMR1,NA,196,Wt,Pl,F,10,1,7,14.1666666667,7,4,27,13,14,20,99.4,1797.6
8,FMR1,NA,197,Mut,Pl,F,3,3,4.5,57.1666666667,12,43,57,103,75,53,59.8,2224.7
8,FMR1,NA,198,Mut,Oxt,F,0.1,4,10.5,14.5,5,10,4,2,35,31,54.4,1696.1
8,FMR1,NA,199,Mut,Pl,F,0,0,5.5,46.1666666667,51,4,70,1,77,74,73.5,2075.2
8,FMR1,NA,200,Mut,Oxt,F,8,1,5,52,41,22,64,53,80,52,66,2515.5
8,FMR1,NA,209,Wt,Pl,F,2.3,3,2.5,38.5,17,33,36,35,61,49,32.9,1466.2
8,FMR1,NA,210,Mut,Oxt,F,0.3,2,3.5,9.1666666667,11,4,5,12,9,14,14.4,1369.8
9,FMR1,NA,202,Wt,Oxt,F,1.3,4,NA,NA,NA,NA,NA,NA,NA,NA,80.3,1448.5
9,FMR1,NA,203,Wt,Pl,F,0.1,4,NA,NA,NA,NA,NA,NA,NA,NA,71.6,1556
9,FMR1,NA,204,Wt,Oxt,F,6,4,NA,NA,NA,NA,NA,NA,NA,NA,127.8,1947.8
9,FMR1,NA,222,Wt,Oxt,F,6.3,6,NA,NA,NA,NA,NA,NA,NA,NA,126.6,1151.2
9,FMR1,NA,223,Wt,Pl,F,1,7,NA,NA,NA,NA,NA,NA,NA,NA,67.3,1913.6
9,FMR1,NA,224,Wt,Oxt,F,1.7,7,NA,NA,NA,NA,NA,NA,NA,NA,68.4,1478.5
9,FMR1,NA,235,Wt,Pl,F,0.1,5,NA,NA,NA,NA,NA,NA,NA,NA,100.4,1816
9,FMR1,NA,236,Wt,Oxt,F,1.3,6,NA,NA,NA,NA,NA,NA,NA,NA,80.8,1913.3
9,FMR1,NA,245,Wt,Pl,F,4,2,NA,NA,NA,NA,NA,NA,NA,NA,38.6,1504.5
9,FMR1,NA,246,Wt,Oxt,F,1.8,4,NA,NA,NA,NA,NA,NA,NA,NA,129.8,1287.2
9,FMR1,NA,247,Wt,Pl,F,1.3,4,NA,NA,NA,NA,NA,NA,NA,NA,58.1,1334.2
9,FMR1,NA,248,Mut,Pl,F,3,2,NA,NA,NA,NA,NA,NA,NA,NA,73.5,1303.1
9,FMR1,NA,261,Wt,Pl,F,2.6,8,NA,NA,NA,NA,NA,NA,NA,NA,17.2,2213.7
9,FMR1,NA,262,Mut,Pl,F,3,2,NA,NA,NA,NA,NA,NA,NA,NA,88.7,2093.9
10,FMR1,NA,228,Wt,Oxt,F,0.1,6,6.5,13.8333333333,4,13,14,20,11,21,106.7,1833.3
10,FMR1,NA,229,Wt,Pl,F,0.1,4,12,5,2,2,2,4,8,12,81.9,1884.3
10,FMR1,NA,231,Wt,Pl,F,0,0,6,18.6666666667,9,21,2,11,59,10,43.4,1214.5
10,FMR1,NA,252,Mut,Pl,F,2,1,7.5,6.6666666667,9,5,5,4,10,7,91.7,1333.4
10,FMR1,NA,253,Mut,Oxt,F,3.3,2,7.5,22.8333333333,8,22,20,15,6,66,63.4,1293.1
10,SH3,NA,270,Wt,Oxt,S,0,14,5,69.6666666667,23,43,126,90,130,6,36.9,1466.5
10,SH3,NA,271,Wt,Pl,S,0.1,5,3,62.8333333333,85,8,67,53,75,89,31.3,1711.2
10,SH3,NA,285,Wt,Pl,S,0.1,5,1.5,63.1666666667,32,94,52,61,90,50,36.6,1407.1
10,SH3,NA,286,Wt,Oxt,S,8,1,1,39.6666666667,11,48,48,27,57,47,49.5,1897.5
10,SH3,NA,293,Mut,Oxt,S,0.1,7,3,42.8333333333,12,36,33,56,54,66,40.7,1542.1
11,FMR1,824,413,Wt,Oxt,F,5.108,5,5.5,58,2,73,65,71,72,65,NA,NA
11,FMR1,824,414,Wt,Pl,F,6.5,3,1.5,29.5,2,17,28,45,38,47,24.8,1183
11,FMR1,824,415,Mut,Pl,F,7.11,2,2,64.8333333333,31,38,61,66,68,125,24.9,1500.9
11,FMR1,824,416,Mut,Oxt,F,0.22,1,4.5,49.1666666667,52,36,94,18,50,45,30,1027.4
11,FMR1,488,428,Wt,Oxt,F,4.0066666667,6,10,15.3333333333,1,1,1,18,18,53,23.3,1074.3
11,FMR1,488,429,Wt,Pl,F,15.25,1,10,29.5,1,4,3,52,52,65,25.6,1388.4
11,FMR1,488,430,Mut,Pl,F,5.34,2,1.5,39.6666666667,30,32,38,94,11,33,19.4,1166.6
11,FMR1,276,440,Mut,Oxt,F,11.73,8,1,58.5,28,62,54,50,80,77,25.7,1659
11,FMR1,276,442,Wt,Pl,F,4.4066666667,3,4,19.3333333333,2,12,4,7,48,43,29,1066.8
11,FMR1,0,448,Wt,Oxt,F,8.166,5,5.5,11.3333333333,14,6,21,17,8,2,25.9,1530.3
11,FMR1,0,449,Mut,Pl,F,5.0316666667,6,9,17.8333333333,1,5,4,26,40,31,42.1,1789.8
11,FMR1,0,450,Wt,Oxt,F,3.208,5,6,25.6666666667,1,28,27,28,35,35,31.8,1236.5
11,FMR1,0,451,Wt,Pl,F,3.492,5,12.5,5.1666666667,8,4,2,8,6,3,23.6,1729.8
12,FMR1,202,470,Mut,Oxt,F,0.38,1,2,23.6666666667,2,3,16,24,47,50,26.3,1053.2
12,FMR1,202,471,Mut,Pl,F,9.894,5,5,51,52,8,84,5,61,96,48.2,1315.2
12,FMR1,978,481,Mut,Oxt,F,7.406,5,1.5,47.5,2,57,23,29,77,97,45.1,1127.7
12,FMR1,978,482,Mut,Pl,F,7.2,2,6,10,14,8,10,12,10,6,66.5,1014.7
12,FMR1,97,504,Wt,Pl,F,11.988,5,17.5,5,3,1,5,14,6,1,59.7,987.2
12,FMR1,97,506,Mut,Pl,F,0,0,2.5,13.6666666667,3,4,30,19,17,9,43.2,1026.2
12,FMR1,868,521,Mut,Oxt,F,11.61,2,7,20.1666666667,10,4,13,9,42,43,NA,NA
12,SH3,921,473,Wt,Oxt,S,3.64,4,3.5,78,71,61,70,94,103,69,21.9,2032.7
12,SH3,689,505,Mut,Oxt,S,6.0133333333,6,4,55.5,1,62,60,67,69,74,21.7,1131.6
13,SH3,220,548,Mut,Pl,S,2.2,7,1.5,66.8333333333,42,60,74,80,45,100,48.7,1371.581525
13,SH3,220,549,Mut,Pl,S,3.6345454545,22,1.5,67.3333333333,14,21,83,103,72,111,82.6,1906.669317
13,SH3,142,556,Mut,Oxt,S,4.0703333333,30,2,60.5,11,68,65,37,99,83,113.45,1578.950476
13,SH3,142,557,Wt,Pl,S,5.485,2,2.5,55.8333333333,5,38,61,80,64,87,49.8,1703.880243
13,SH3,142,558,Wt,Oxt,S,1.9728571429,7,1,48.3333333333,59,28,40,22,64,77,225.95,2028.261825
13,SH3,142,559,Mut,Pl,S,1.2111111111,9,3,73.8333333333,48,70,69,84,92,80,97.95,1753.903004
13,SH3,249,565,Mut,Pl,S,8.98,7,2.5,71,22,77,65,98,84,80,36.05,1318.182613
13,SH3,249,566,Mut,Oxt,S,1.48,1,3.5,36,17,17,42,31,81,28,27.75,1502.169529
13,SH3,249,574,Mut,Pl,S,8.6325,8,NA,NA,NA,NA,NA,NA,NA,NA,22.3,1951.529639
13,SH3,296,582,Mut,Pl,S,7.4723529412,17,3,57.5,18,61,43,57,67,99,17.3,1910.257453
13,SH3,296,583,Wt,Pl,S,3.9877777778,18,1.5,64.8333333333,45,52,71,82,55,84,20.8,1471.933661
13,SH3,413,590,Mut,Oxt,S,4.2742105263,19,1,46.8333333333,3,41,60,43,71,63,73.25,1201.62868
13,SH3,413,591,Wt,Oxt,S,2.15,13,2.5,62.1666666667,70,44,89,38,61,71,58.6,2193.025658
14,SH3,220,550,Mut,Oxt,S,1.8803703704,27,1,55.6666666667,26,66,53,74,58,57,36.75,1448.236968
14,SH3,220,551,Mut,Pl,S,5.6110526316,19,3,63.1666666667,59,41,80,65,50,84,83.25,1721.025765
14,SH3,220,552,Mut,Oxt,S,12.31,24,1,71.3333333333,83,103,55,64,43,80,63,1950.293051
14,SH3,413,593,Mut,Oxt,S,2.3021052632,19,2,35.8333333333,35,20,4,52,53,51,48.4,1546.729961
14,SH3,625,733,Mut,Oxt,S,4.7504,25,3,77,70,53,87,87,91,74,NA,NA
14,SH3,157,560,Wt,Pl,S,2.54,16,1,100.1666666667,10,130,92,79,137,153,89.85,2844.934273
14,SH3,157,561,Mut,Oxt,S,3.31,22,1,55.3333333333,61,41,26,85,73,46,82.6,2990.745716
14,SH3,157,562,Mut,Pl,S,3.948,5,1,35.6666666667,13,22,15,60,53,51,33.15,2513.80752
14,SH3,486,739,Mut,Pl,S,1.0120588235,34,2,66.3333333333,31,62,16,86,92,111,60.95,2437.557633
14,FMR1,762,671,Wt,Oxt,F,11.271,10,4,17,9,9,3,33,15,33,NA,NA
14,FMR1,762,672,Mut,Oxt,F,5.555,8,6.5,11,16,19,14,3,10,4,72.15,2709.232547
14,FMR1,762,673,Wt,Oxt,F,14.5614285714,7,7,39.6666666667,5,44,21,50,41,77,28.75,1991.656204
14,FMR1,715,676,Wt,Pl,F,4.38,3,12,6.1666666667,1,3,1,4,13,15,33.6,1597.763816
14,FMR1,715,678,Mut,Pl,F,8.5166666667,3,3,19.5,25,8,33,7,11,33,31.25,1650.078604
15,SH3,423,870,Mut,Oxt,S,1.97,1,1,49.1666666667,1,81,29,57,57,70,16.6,1932.189742
15,SH3,423,873,Mut,Pl,S,4.8544444444,9,4,74.8333333333,61,60,66,95,91,76,30.9,1908.620027
15,SH3,773,878,Mut,Oxt,S,4.899375,16,3,90.3333333333,14,75,70,119,120,144,44.7,2723.346461
15,SH3,362,884,Mut,Pl,S,6.1464705882,17,1.5,79,47,41,99,103,85,99,17.2,1444.63299
15,SH3,362,885,Mut,Oxt,S,3.2033333333,15,2.5,35.8333333333,36,10,39,46,41,43,28.05,1813.156971
15,SH3,362,886,Mut,Pl,S,1.76375,8,1.5,56.6666666667,56,60,55,44,61,64,28.1,1974.761312
15,SH3,508,890,Wt,Oxt,S,11.0033333333,3,1,69.6666666667,44,47,74,85,73,95,41.2,1878.432299
15,SH3,701,896,Mut,Oxt,S,0,0,2.5,32.8333333333,35,20,33,43,27,39,76.3,1765.868662
15,SH3,701,897,Mut,Pl,S,0,0,1.5,80.1666666667,66,79,83,92,105,56,81,1309.234408
15,SH3,701,898,Mut,Oxt,S,0,0,2,71.5,41,76,59,70,88,95,21.8,1132.040014
15,SH3,701,899,Mut,Pl,S,7.73,4,2,50.5,3,39,53,70,72,66,214.4,1508.445854
15,SH3,729,905,Wt,Pl,S,0.73,8,3.5,56.3333333333,31,26,50,79,49,103,53.15,2735.130538
15,SH3,803,910,Mut,Oxt,S,2.5483333333,6,1,57.1666666667,56,60,53,74,65,35,NA,NA
16,SH3,NA,1097,Mut,Pl,S,0.75,2,1,57.5,16,18,74,57,84,96,100,3019.305303
16,SH3,NA,1098,Wt,Oxt,S,1.125,6,1.5,65.5,52,46,50,55,91,99,65.8,4074.647408
16,SH3,NA,1106,Wt,Pl,S,4.815,8,2.5,69.1666666667,60,62,66,66,91,70,69.2,3811.362041
16,SH3,NA,1108,Wt,Oxt,S,3.7727272727,11,1.5,42.6666666667,22,41,34,32,63,64,56.25,2248.538958
16,SH3,NA,1109,Mut,Pl,S,3,2,2.5,80.1666666667,83,74,103,100,15,106,140.35,2302.879066
16,SH3,NA,1114,Mut,Pl,S,3.3529411765,17,1,24.5,30,16,25,12,24,40,75.25,2009.546463
16,SH3,NA,1115,Mut,Oxt,S,1.1666666667,6,3.5,58.1666666667,11,40,96,26,68,108,160.1,1833.174197
16,SH3,NA,1129,Mut,Pl,S,18,1,1.5,63.3333333333,40,19,60,96,86,79,36.3,1543.160807
16,SH3,NA,1130,Wt,Oxt,S,6.6666666667,6,1.5,72.1666666667,23,44,71,88,89,118,57.95,2188.228003
16,SH3,NA,1140,Wt,Pl,S,2.6923076923,13,3,67.1666666667,60,68,33,74,77,91,110.95,1680.429731
16,SH3,NA,1143,Wt,Oxt,S,6,2,1,20,19,26,4,29,21,21,47.1,2758.776354
16,SH3,NA,1144,Mut,Pl,S,2.7916666667,12,1,79.1666666667,46,53,103,79,106,88,88.25,2075.16839
17,SH3,NA,1183,Wt,Pl,S,6.90375,8,2.5,52.6666666667,45,38,47,52,71,63,34.55,1256.290181
17,SH3,NA,1167,Wt,Oxt,S,3.24625,8,1,67.1666666667,35,58,60,67,108,75,54,2455.613771
17,SH3,NA,1168,Wt,Pl,S,2.0918181818,11,3,65.3333333333,44,58,68,78,76,68,45.65,1632.674707
17,SH3,NA,1164,Wt,Pl,S,1.7718181818,11,5,48.3333333333,15,39,53,61,59,63,115.9,1534.612675
17,SH3,NA,1166,Wt,Pl,S,2.776,5,2,42.5,36,61,38,29,34,57,24.15,1834.348155
17,SH3,NA,1179,Wt,Pl,S,3.405,10,2.5,45.8333333333,7,37,47,56,45,83,99.6,2016.480342
17,SH3,NA,1158,Wt,Oxt,S,2.6881818182,11,1.5,55.3333333333,34,63,55,49,70,61,44.1,2534.269996
17,SH3,NA,1159,Wt,Pl,S,2.834,5,1.5,49.3333333333,36,36,44,52,58,70,42.65,1908.596717
